class,train_freq,val_support,val_precision,val_recall,val_f1
1,9,2,0.3333333333333333,0.5,0.4
2,20,4,0.6666666666666666,0.5,0.5714285714285714
3,8,2,0.5,0.5,0.5
A,16,4,0.8,1.0,0.8888888888888888
ABŞERON RAYON,12,2,0.3333333333333333,0.5,0.4
AC,7,2,0.0,0.0,0.0
AD,12,2,0.5,1.0,0.6666666666666666
AD GÜNÜ,12,3,1.0,1.0,1.0
ALMAQ,31,7,0.6,0.42857142857142855,0.5
ALMIŞAM,7,2,0.5,0.5,0.5
ANA,25,5,0.8,0.8,0.8
APARAT,8,2,0.3333333333333333,0.5,0.4
ATA,15,3,1.0,0.6666666666666666,0.8
AVTOBUS,12,3,0.75,1.0,0.8571428571428571
AVTOMOBİL,22,5,0.75,0.6,0.6666666666666666
AXŞAM,19,4,0.5,0.5,0.5
AYAQ,6,2,1.0,1.0,1.0
AYAQYOLU,7,2,0.0,0.0,0.0
AZƏRBAYCAN,25,6,0.8333333333333334,0.8333333333333334,0.8333333333333334
AĞRIMAQ,13,3,0.6666666666666666,0.6666666666666666,0.6666666666666666
AİLƏ,17,4,0.8,1.0,0.8888888888888888
BACI,7,1,1.0,1.0,1.0
BAKI,44,10,0.3181818181818182,0.7,0.4375
BALACA,13,3,0.6,1.0,0.75
BAXMAQ,8,2,0.2,0.5,0.2857142857142857
BAYRAM,12,2,1.0,0.5,0.6666666666666666
BAYRAQ,11,3,0.25,0.3333333333333333,0.2857142857142857
BAZAR,16,4,0.6,0.75,0.6666666666666666
BAĞ,13,3,1.0,0.3333333333333333,0.5
BU,234,50,0.8666666666666667,0.52,0.65
BU AY,11,2,0.5,0.5,0.5
BU GÜN,25,5,0.75,0.6,0.6666666666666666
BU HƏFTƏ,22,5,1.0,0.6,0.75
BURA,14,3,0.16666666666666666,0.3333333333333333,0.2222222222222222
BURDA,72,15,0.5,0.6,0.5454545454545454
BİLMİR,29,6,0.8333333333333334,0.8333333333333334,0.8333333333333334
BİLMƏK,16,3,0.5,1.0,0.6666666666666666
BİLƏR,35,7,1.0,0.42857142857142855,0.6
BİTMƏK,10,2,1.0,0.5,0.6666666666666666
BİZ,117,25,1.0,0.68,0.8095238095238095
BƏLİ,10,2,0.0,0.0,0.0
COVİD,6,2,1.0,1.0,1.0
D,39,8,1.0,0.875,0.9333333333333333
DEYİL,6,2,0.0,0.0,0.0
DONDURMA,14,3,1.0,0.6666666666666666,0.8
DOST,12,2,0.0,0.0,0.0
DÖVLƏT,12,3,0.6666666666666666,0.6666666666666666,0.6666666666666666
DÜNƏN,27,6,0.8571428571428571,1.0,0.9230769230769231
DİL,12,2,0.6666666666666666,1.0,0.8
DƏYİŞMƏK,7,2,0.0,0.0,0.0
EDİR,15,3,0.3333333333333333,0.3333333333333333,0.3333333333333333
EDƏ BİLMƏK,8,2,0.5,0.5,0.5
ETMƏK,11,3,0.2,0.3333333333333333,0.25
ETİBARNAMƏ,31,6,1.0,0.8333333333333334,0.9090909090909091
EV,53,12,0.7333333333333333,0.9166666666666666,0.8148148148148148
EŞİTMƏ,12,3,0.42857142857142855,1.0,0.6
EŞİTMƏ APARATI,11,3,1.0,0.3333333333333333,0.5
EŞİTMƏ MƏHDÜDİYYƏTLİ,12,3,0.3333333333333333,0.6666666666666666,0.4444444444444444
FUTBOL,32,7,0.6666666666666666,0.5714285714285714,0.6153846153846154
GECİKMƏK,15,3,0.75,1.0,0.8571428571428571
GEDƏ,7,2,0.0,0.0,0.0
GETMƏK,34,7,0.6666666666666666,0.2857142857142857,0.4
GUN,6,2,0.5,0.5,0.5
GÖRMƏK,13,3,1.0,0.6666666666666666,0.8
GÖRƏ,8,2,0.16666666666666666,0.5,0.25
GÖZƏL,8,2,0.0,0.0,0.0
GƏLMƏK,24,5,1.0,0.8,0.8888888888888888
HALALDIR,9,2,0.5,0.5,0.5
HAMI,19,4,0.5,0.25,0.3333333333333333
HANSI,48,10,0.5714285714285714,0.4,0.47058823529411764
HARDA,26,5,0.2,0.2,0.2
HAVA,6,2,0.0,0.0,0.0
HƏKİM,7,2,0.4,1.0,0.5714285714285714
HƏR GÜN,16,3,0.75,1.0,0.8571428571428571
IKI,11,3,0.5,1.0,0.6666666666666666
J,12,2,0.5,0.5,0.5
KOMANDA,6,2,0.4,1.0,0.5714285714285714
KOMPÜTER,12,2,0.4,1.0,0.5714285714285714
KÖMƏK,11,2,0.5,1.0,0.6666666666666666
KÖYNƏK,8,2,0.6666666666666666,1.0,0.8
KƏND,7,2,1.0,0.5,0.6666666666666666
LAZIM,20,4,1.0,0.5,0.6666666666666666
M,7,2,0.0,0.0,0.0
METRO,8,2,0.3333333333333333,0.5,0.4
MÜRACİƏT,23,5,0.6666666666666666,0.4,0.5
MƏKTƏB,17,4,1.0,1.0,1.0
MƏN,1769,379,0.9230769230769231,0.6649076517150396,0.7730061349693251
MƏNİM,118,25,0.07142857142857142,0.12,0.08955223880597014
MƏNƏ,32,7,0.0,0.0,0.0
MƏTBƏX,9,2,0.5,0.5,0.5
N,11,2,0.6666666666666666,1.0,0.8
NECƏ,19,4,0.5,0.5,0.5
NOTARİAL,6,2,0.5,0.5,0.5
NÖVBƏ,10,2,0.6666666666666666,1.0,0.8
NƏDİR,13,3,0.25,0.3333333333333333,0.2857142857142857
O,213,45,1.0,0.022222222222222223,0.043478260869565216
OLACAQ,8,2,0.0,0.0,0.0
OLAR,17,3,0.0,0.0,0.0
OLMAQ,28,6,0.6666666666666666,0.6666666666666666,0.6666666666666666
OLMUSUZ,7,1,0.0,0.0,0.0
OLUR,6,2,1.0,1.0,1.0
ONLAR,7,2,1.0,0.5,0.6666666666666666
ONUN,82,18,0.3023255813953488,0.7222222222222222,0.4262295081967213
ORA,15,3,0.2857142857142857,0.6666666666666666,0.4
ORDA,25,6,0.2857142857142857,0.3333333333333333,0.3076923076923077
OXUMAQ,19,4,0.6666666666666666,1.0,0.8
OYNAMAQ,8,2,0.3333333333333333,0.5,0.4
OĞUL,13,3,1.0,1.0,1.0
PAROL,11,2,0.6666666666666666,1.0,0.8
PENSİYA,47,10,0.75,0.6,0.6666666666666666
PROBLEM,6,2,1.0,0.5,0.6666666666666666
PUL,8,2,0.5,1.0,0.6666666666666666
QAPI,12,3,0.5,1.0,0.6666666666666666
QARABAĞ,13,3,0.5,0.6666666666666666,0.5714285714285714
QATAR,18,4,1.0,0.75,0.8571428571428571
QIZ,7,2,0.5,0.5,0.5
QONŞU,6,2,1.0,0.5,0.6666666666666666
QƏLƏM,11,3,0.5,0.3333333333333333,0.4
RAYONLARDA,9,2,1.0,1.0,1.0
RƏSİM,13,3,0.0,0.0,0.0
S,12,2,0.3333333333333333,0.5,0.4
SAAT,11,2,1.0,0.5,0.6666666666666666
SABAH,31,6,0.5,0.5,0.5
SALAM,22,4,0.5,0.75,0.6
SATICI,12,3,0.5,1.0,0.6666666666666666
SAYLI,8,2,0.3333333333333333,0.5,0.4
SAĞLAM,39,8,1.0,0.875,0.9333333333333333
SONRA,16,3,0.2857142857142857,0.6666666666666666,0.4
SOYUQ,7,1,1.0,1.0,1.0
SRAĞAGÜN,11,2,0.6666666666666666,1.0,0.8
SU,17,4,1.0,0.5,0.6666666666666666
SUBAY,10,2,0.6666666666666666,1.0,0.8
SÖNDURƏ,7,2,1.0,0.5,0.6666666666666666
SİFARİŞ,7,2,1.0,0.5,0.6666666666666666
SİZ,308,66,0.8148148148148148,0.3333333333333333,0.4731182795698925
SİZİN,11,3,0.045454545454545456,0.3333333333333333,0.08
SƏHƏR,8,2,0.25,0.5,0.3333333333333333
SƏN,34,7,0.42857142857142855,0.8571428571428571,0.5714285714285714
SƏNƏD,42,9,0.875,0.7777777777777778,0.8235294117647058
SƏRGİ,13,3,0.5,0.6666666666666666,0.5714285714285714
TAKSİ,8,2,0.5,0.5,0.5
TELEFON,28,6,0.6666666666666666,0.3333333333333333,0.4444444444444444
TOYA,7,2,0.3333333333333333,0.5,0.4
TƏHSİL,11,2,0.5,1.0,0.6666666666666666
UCUZDUR,6,2,0.3333333333333333,0.5,0.4
UNUTMUŞAM,6,2,1.0,1.0,1.0
UNİVERSİTET,7,2,0.5,0.5,0.5
UĞUR,13,3,0.5,0.3333333333333333,0.4
UŞAQ,49,10,0.8,0.4,0.5333333333333333
UŞAQLAR,11,2,0.6666666666666666,1.0,0.8
VAR,78,16,0.6842105263157895,0.8125,0.7428571428571429
VAXT,16,4,0.5,0.25,0.3333333333333333
VERMƏK,12,2,0.3333333333333333,0.5,0.4
VİZA,26,6,1.0,0.8333333333333334,0.9090909090909091
VƏ,6,2,1.0,0.5,0.6666666666666666
XAHİŞ,11,3,0.5,0.6666666666666666,0.5714285714285714
XATIRLADIM,14,3,0.5,1.0,0.6666666666666666
XEYİR,15,3,1.0,1.0,1.0
XOŞU GƏLMƏK,11,2,0.2857142857142857,1.0,0.4444444444444444
XİRDA,6,2,0.6666666666666666,1.0,0.8
YATMAQ,7,2,0.0,0.0,0.0
YAXŞI,13,3,0.6,1.0,0.75
YAZDA,11,3,0.14285714285714285,0.3333333333333333,0.2
YAZI,18,4,0.75,0.75,0.75
YAŞ,17,3,0.0,0.0,0.0
YAŞAMAQ,22,5,0.7142857142857143,1.0,0.8333333333333334
YEMƏK,26,5,0.5,0.4,0.4444444444444444
YENİ,13,3,0.5,0.3333333333333333,0.4
YER,7,2,0.5,1.0,0.6666666666666666
YOL,7,2,1.0,0.5,0.6666666666666666
YOLDAŞIM,7,2,0.5,1.0,0.6666666666666666
YOX,30,6,0.3333333333333333,0.5,0.4
YOXDUR,8,2,0.5,0.5,0.5
ZƏHMƏT OLMASA,12,2,1.0,1.0,1.0
ZƏNG,9,2,0.0,0.0,0.0
ÇANTA,10,2,0.0,0.0,0.0
ÇOX,24,5,0.6,0.6,0.6
ÇƏKMƏK,14,3,0.6,1.0,0.75
ÖLƏN,7,2,1.0,0.5,0.6666666666666666
ÖYRƏNMƏK,6,2,0.5,0.5,0.5
ÖZÜMÜ,6,2,0.2857142857142857,1.0,0.4444444444444444
ÜNVANLİ,18,4,1.0,1.0,1.0
ÜÇÜN,14,3,0.1,0.3333333333333333,0.15384615384615385
İ,22,5,0.5,0.8,0.6153846153846154
İDMAN,8,2,1.0,1.0,1.0
İL,19,4,0.5714285714285714,1.0,0.7272727272727273
İNDİ,14,3,0.6666666666666666,0.6666666666666666,0.6666666666666666
İSTİ,6,2,0.5,0.5,0.5
İSTƏMƏK,73,16,0.6153846153846154,0.5,0.5517241379310345
İSTƏYİRƏM,24,5,0.2,0.4,0.26666666666666666
İTMİŞ,12,2,0.6666666666666666,1.0,0.8
İŞ,27,6,0.6,0.5,0.5454545454545454
İŞARƏ,14,3,0.6,1.0,0.75
İŞLƏMİR,6,2,1.0,0.5,0.6666666666666666
İŞLƏMƏK,16,4,0.3333333333333333,0.25,0.2857142857142857
İŞSİZ,7,2,0.0,0.0,0.0
İŞİGİ,8,2,0.25,0.5,0.3333333333333333
Ə,10,2,0.125,0.5,0.2
ƏLİL,77,17,1.0,0.7647058823529411,0.8666666666666667
ƏRZAQ,17,3,0.5,0.6666666666666666,0.5714285714285714
