Overall_Rank,Candidate_Rank,Class_Name,Is_Word,Tier,Quality_Score,F1_Score,Recall,Precision,Sample_Score,Confusion_Score,Train_Samples,Val_Samples,Test_Samples,Total_Samples,TP,FP,FN
1,1,BİLMİR,True,Tier 1 (High Quality),0.9525,1.0,1.0,1.0,0.6833,1.0,29,6,6,41,6,0,0
2,2,VAR,True,Tier 1 (High Quality),0.9469,0.9375,0.9375,0.9375,1.0,0.9375,78,16,16,110,15,1,1
3,3,VİZA,True,Tier 1 (High Quality),0.945,1.0,1.0,1.0,0.6333,1.0,26,6,6,38,6,0,0
4,4,ANA,True,Tier 1 (High Quality),0.9375,1.0,1.0,1.0,0.5833,1.0,25,5,5,35,5,0,0
5,5,SAĞLAM,True,Tier 1 (High Quality),0.9267,0.9333,0.875,1.0,0.9167,0.9375,39,8,8,55,7,0,1
6,6,PENSİYA,True,Tier 1 (High Quality),0.915,0.9,0.9,0.9,1.0,0.9,47,10,10,67,9,1,1
7,7,ÜNVANLİ,True,Tier 1 (High Quality),0.915,1.0,1.0,1.0,0.4333,1.0,18,4,4,26,4,0,0
8,8,MƏKTƏB,True,Tier 1 (High Quality),0.9125,1.0,1.0,1.0,0.4167,1.0,17,4,4,25,4,0,0
9,9,HƏR GÜN,True,Tier 2 (Viable Candidate),0.905,1.0,1.0,1.0,0.3667,1.0,16,3,3,22,3,0,0
10,10,UĞUR,True,Tier 2 (Viable Candidate),0.8975,1.0,1.0,1.0,0.3167,1.0,13,3,3,19,3,0,0
11,11,YAXŞI,True,Tier 2 (Viable Candidate),0.8975,1.0,1.0,1.0,0.3167,1.0,13,3,3,19,3,0,0
12,12,EŞİTMƏ APARATI,True,Tier 3 (Marginal Quality),0.8925,1.0,1.0,1.0,0.2833,1.0,11,3,3,17,3,0,0
13,13,QƏLƏM,True,Tier 3 (Marginal Quality),0.8925,1.0,1.0,1.0,0.2833,1.0,11,3,3,17,3,0,0
14,14,BAYRAM,True,Tier 3 (Marginal Quality),0.89,1.0,1.0,1.0,0.2667,1.0,12,2,2,16,2,0,0
15,15,NÖVBƏ,True,Tier 3 (Marginal Quality),0.885,1.0,1.0,1.0,0.2333,1.0,10,2,2,14,2,0,0
16,16,YOLDAŞIM,True,Tier 3 (Marginal Quality),0.8775,1.0,1.0,1.0,0.1833,1.0,7,2,2,11,2,0,0
17,17,ÖLƏN,True,Tier 3 (Marginal Quality),0.8775,1.0,1.0,1.0,0.1833,1.0,7,2,2,11,2,0,0
18,18,PROBLEM,True,Tier 3 (Marginal Quality),0.875,1.0,1.0,1.0,0.1667,1.0,6,2,2,10,2,0,0
19,19,VƏ,True,Tier 3 (Marginal Quality),0.875,1.0,1.0,1.0,0.1667,1.0,6,2,2,10,2,0,0
20,20,BACI,True,Tier 3 (Marginal Quality),0.8725,1.0,1.0,1.0,0.15,1.0,7,1,1,9,1,0,0
21,21,BU,True,Tier 1 (High Quality),0.8455,0.8222,0.74,0.925,1.0,0.84,234,50,50,334,37,3,13
22,22,SALAM,True,Tier 1 (High Quality),0.8436,0.8889,1.0,0.8,0.5,0.875,22,4,4,30,4,1,0
23,23,ƏLİL,True,Tier 1 (High Quality),0.8379,0.8125,0.7647,0.8667,1.0,0.8235,77,17,17,111,13,2,4
24,24,BU HƏFTƏ,True,Tier 1 (High Quality),0.8311,0.8889,0.8,1.0,0.5333,0.9,22,5,5,32,4,0,1
25,25,MƏN,True,Tier 1 (High Quality),0.8277,0.8006,0.7098,0.9181,1.0,0.8232,1769,379,379,2527,269,24,110
26,26,XEYİR,True,Tier 2 (Viable Candidate),0.7983,0.8571,1.0,0.75,0.35,0.8333,15,3,3,21,3,1,0
27,27,BİZ,True,Tier 1 (High Quality),0.7978,0.7619,0.64,0.9412,1.0,0.8,117,25,25,167,16,1,9
28,28,İŞARƏ,True,Tier 2 (Viable Candidate),0.7958,0.8571,1.0,0.75,0.3333,0.8333,14,3,3,20,3,1,0
29,29,SƏRGİ,True,Tier 2 (Viable Candidate),0.7933,0.8571,1.0,0.75,0.3167,0.8333,13,3,3,19,3,1,0
30,30,AVTOBUS,True,Tier 2 (Viable Candidate),0.7908,0.8571,1.0,0.75,0.3,0.8333,12,3,3,18,3,1,0
31,31,SATICI,True,Tier 2 (Viable Candidate),0.7908,0.8571,1.0,0.75,0.3,0.8333,12,3,3,18,3,1,0
32,32,YAZDA,True,Tier 3 (Marginal Quality),0.7883,0.8571,1.0,0.75,0.2833,0.8333,11,3,3,17,3,1,0
33,33,LAZIM,True,Tier 1 (High Quality),0.775,0.8,1.0,0.6667,0.4667,0.75,20,4,4,28,4,2,0
34,34,YAŞAMAQ,True,Tier 1 (High Quality),0.76,0.8,0.8,0.8,0.5333,0.8,22,5,5,32,4,1,1
35,35,AZƏRBAYCAN,True,Tier 1 (High Quality),0.7522,0.7692,0.8333,0.7143,0.6167,0.75,25,6,6,37,5,2,1
36,36,SƏNƏD,True,Tier 1 (High Quality),0.7516,0.7,0.7778,0.6364,1.0,0.6667,42,9,9,60,7,4,2
37,37,EV,True,Tier 1 (High Quality),0.7401,0.6957,0.6667,0.7273,1.0,0.7083,53,12,12,77,8,3,4
38,38,ONLAR,True,Tier 3 (Marginal Quality),0.7325,0.8,1.0,0.6667,0.1833,0.75,7,2,2,11,2,1,0
39,39,ÖYRƏNMƏK,True,Tier 3 (Marginal Quality),0.73,0.8,1.0,0.6667,0.1667,0.75,6,2,2,10,2,1,0
40,40,İŞLƏMİR,True,Tier 3 (Marginal Quality),0.73,0.8,1.0,0.6667,0.1667,0.75,6,2,2,10,2,1,0
41,41,BAĞ,True,Tier 2 (Viable Candidate),0.7275,0.8,0.6667,1.0,0.3167,0.8333,13,3,3,19,2,0,1
42,42,AD GÜNÜ,True,Tier 2 (Viable Candidate),0.725,0.8,0.6667,1.0,0.3,0.8333,12,3,3,18,2,0,1
43,43,EŞİTMƏ MƏHDÜDİYYƏTLİ,True,Tier 2 (Viable Candidate),0.725,0.8,0.6667,1.0,0.3,0.8333,12,3,3,18,2,0,1
44,44,ETİBARNAMƏ,True,Tier 1 (High Quality),0.7237,0.7273,0.6667,0.8,0.7167,0.75,31,6,6,43,4,1,2
45,45,İL,True,Tier 1 (High Quality),0.7203,0.7273,1.0,0.5714,0.45,0.625,19,4,4,27,4,3,0
46,46,YEMƏK,True,Tier 1 (High Quality),0.7145,0.7273,0.8,0.6667,0.6,0.7,26,5,5,36,4,2,1
47,47,QATAR,True,Tier 1 (High Quality),0.7025,0.75,0.75,0.75,0.4333,0.75,18,4,4,26,3,1,1
48,48,ALMAQ,True,Tier 1 (High Quality),0.6991,0.6667,0.8571,0.5455,0.75,0.5714,31,7,7,45,6,5,1
49,49,UŞAQ,True,Tier 2 (Viable Candidate),0.6887,0.625,0.5,0.8333,1.0,0.7,49,10,10,69,5,1,5
50,50,FUTBOL,True,Tier 1 (High Quality),0.6849,0.6667,0.7143,0.625,0.7667,0.6429,32,7,7,46,5,3,2
51,51,OLMAQ,True,Tier 1 (High Quality),0.6667,0.6667,0.6667,0.6667,0.6667,0.6667,28,6,6,40,4,2,2
52,52,SİZ,True,Tier 2 (Viable Candidate),0.659,0.58,0.4394,0.8529,1.0,0.6818,308,66,66,440,29,5,37
53,,İ,False,Tier 1 (High Quality),0.659,0.6667,0.8,0.5714,0.5333,0.6,22,5,5,32,4,3,1
54,53,RƏSİM,True,Tier 2 (Viable Candidate),0.6558,0.6667,1.0,0.5,0.3167,0.5,13,3,3,19,3,3,0
55,54,BU GÜN,True,Tier 1 (High Quality),0.6533,0.6667,0.6,0.75,0.5833,0.7,25,5,5,35,3,1,2
56,55,YAZI,True,Tier 2 (Viable Candidate),0.6483,0.6667,0.5,1.0,0.4333,0.75,18,4,4,26,2,0,2
57,56,OXUMAQ,True,Tier 2 (Viable Candidate),0.6408,0.6667,0.75,0.6,0.45,0.625,19,4,4,27,3,2,1
58,,D,False,Tier 2 (Viable Candidate),0.6392,0.5882,0.625,0.5556,0.9167,0.5625,39,8,8,55,5,4,3
59,57,KÖYNƏK,True,Tier 3 (Marginal Quality),0.6383,0.6667,1.0,0.5,0.2,0.5,8,2,2,12,2,2,0
60,,M,False,Tier 3 (Marginal Quality),0.6358,0.6667,1.0,0.5,0.1833,0.5,7,2,2,11,2,2,0
61,58,SİFARİŞ,True,Tier 3 (Marginal Quality),0.6358,0.6667,1.0,0.5,0.1833,0.5,7,2,2,11,2,2,0
62,59,YOX,True,Tier 2 (Viable Candidate),0.6311,0.6154,0.6667,0.5714,0.7,0.5833,30,6,6,42,4,3,2
63,60,BURDA,True,Tier 2 (Viable Candidate),0.6296,0.5625,0.6,0.5294,1.0,0.5333,72,15,15,102,9,8,6
64,61,ƏRZAQ,True,Tier 2 (Viable Candidate),0.6242,0.6667,0.6667,0.6667,0.3833,0.6667,17,3,3,23,2,1,1
65,62,ZƏHMƏT OLMASA,True,Tier 3 (Marginal Quality),0.6233,0.6667,0.5,1.0,0.2667,0.75,12,2,2,16,1,0,1
66,63,BU AY,True,Tier 3 (Marginal Quality),0.6208,0.6667,0.5,1.0,0.25,0.75,11,2,2,15,1,0,1
67,64,ATA,True,Tier 2 (Viable Candidate),0.6192,0.6667,0.6667,0.6667,0.35,0.6667,15,3,3,21,2,1,1
68,65,BİTMƏK,True,Tier 3 (Marginal Quality),0.6183,0.6667,0.5,1.0,0.2333,0.75,10,2,2,14,1,0,1
69,66,ÇANTA,True,Tier 3 (Marginal Quality),0.6183,0.6667,0.5,1.0,0.2333,0.75,10,2,2,14,1,0,1
70,67,XATIRLADIM,True,Tier 2 (Viable Candidate),0.6167,0.6667,0.6667,0.6667,0.3333,0.6667,14,3,3,20,2,1,1
71,68,ÇƏKMƏK,True,Tier 2 (Viable Candidate),0.6167,0.6667,0.6667,0.6667,0.3333,0.6667,14,3,3,20,2,1,1
72,69,HALALDIR,True,Tier 3 (Marginal Quality),0.6158,0.6667,0.5,1.0,0.2167,0.75,9,2,2,13,1,0,1
73,70,RAYONLARDA,True,Tier 3 (Marginal Quality),0.6158,0.6667,0.5,1.0,0.2167,0.75,9,2,2,13,1,0,1
74,71,TELEFON,True,Tier 2 (Viable Candidate),0.6142,0.6,0.5,0.75,0.6667,0.6667,28,6,6,40,3,1,3
75,72,EDƏ BİLMƏK,True,Tier 3 (Marginal Quality),0.6133,0.6667,0.5,1.0,0.2,0.75,8,2,2,12,1,0,1
76,73,PUL,True,Tier 3 (Marginal Quality),0.6133,0.6667,0.5,1.0,0.2,0.75,8,2,2,12,1,0,1
77,74,SAYLI,True,Tier 3 (Marginal Quality),0.6133,0.6667,0.5,1.0,0.2,0.75,8,2,2,12,1,0,1
78,75,TAKSİ,True,Tier 3 (Marginal Quality),0.6133,0.6667,0.5,1.0,0.2,0.75,8,2,2,12,1,0,1
79,76,İŞİGİ,True,Tier 3 (Marginal Quality),0.6133,0.6667,0.5,1.0,0.2,0.75,8,2,2,12,1,0,1
80,77,DÖVLƏT,True,Tier 2 (Viable Candidate),0.6117,0.6667,0.6667,0.6667,0.3,0.6667,12,3,3,18,2,1,1
81,78,ALMIŞAM,True,Tier 3 (Marginal Quality),0.6108,0.6667,0.5,1.0,0.1833,0.75,7,2,2,11,1,0,1
82,79,DƏYİŞMƏK,True,Tier 3 (Marginal Quality),0.6108,0.6667,0.5,1.0,0.1833,0.75,7,2,2,11,1,0,1
83,80,TOYA,True,Tier 3 (Marginal Quality),0.6108,0.6667,0.5,1.0,0.1833,0.75,7,2,2,11,1,0,1
84,81,YATMAQ,True,Tier 3 (Marginal Quality),0.6108,0.6667,0.5,1.0,0.1833,0.75,7,2,2,11,1,0,1
85,82,YOL,True,Tier 3 (Marginal Quality),0.6108,0.6667,0.5,1.0,0.1833,0.75,7,2,2,11,1,0,1
86,83,GUN,True,Tier 3 (Marginal Quality),0.6083,0.6667,0.5,1.0,0.1667,0.75,6,2,2,10,1,0,1
87,84,HAVA,True,Tier 3 (Marginal Quality),0.6083,0.6667,0.5,1.0,0.1667,0.75,6,2,2,10,1,0,1
88,85,NOTARİAL,True,Tier 3 (Marginal Quality),0.6083,0.6667,0.5,1.0,0.1667,0.75,6,2,2,10,1,0,1
89,86,QONŞU,True,Tier 3 (Marginal Quality),0.6083,0.6667,0.5,1.0,0.1667,0.75,6,2,2,10,1,0,1
90,87,ÖZÜMÜ,True,Tier 3 (Marginal Quality),0.6083,0.6667,0.5,1.0,0.1667,0.75,6,2,2,10,1,0,1
91,88,GETMƏK,True,Tier 2 (Viable Candidate),0.6057,0.5714,0.5714,0.5714,0.8,0.5714,34,7,7,48,4,3,3
92,89,BAKI,True,Tier 2 (Viable Candidate),0.6032,0.5185,0.7,0.4118,1.0,0.35,44,10,10,64,7,10,3
93,90,MÜRACİƏT,True,Tier 2 (Viable Candidate),0.6025,0.5714,0.4,1.0,0.55,0.7,23,5,5,33,2,0,3
94,91,ÇOX,True,Tier 2 (Viable Candidate),0.5917,0.5714,0.8,0.4444,0.5667,0.4,24,5,5,34,4,5,1
95,92,AVTOMOBİL,True,Tier 2 (Viable Candidate),0.59,0.6,0.6,0.6,0.5333,0.6,22,5,5,32,3,2,2
96,93,NECƏ,True,Tier 2 (Viable Candidate),0.59,0.6,0.75,0.5,0.45,0.5,19,4,4,27,3,3,1
97,94,HANSI,True,Tier 2 (Viable Candidate),0.575,0.5,0.5,0.5,1.0,0.5,48,10,10,68,5,5,5
98,95,İTMİŞ,True,Tier 3 (Marginal Quality),0.575,0.5714,1.0,0.4,0.2667,0.25,12,2,2,16,2,3,0
99,,N,False,Tier 3 (Marginal Quality),0.5725,0.5714,1.0,0.4,0.25,0.25,11,2,2,15,2,3,0
100,96,SUBAY,True,Tier 3 (Marginal Quality),0.57,0.5714,1.0,0.4,0.2333,0.25,10,2,2,14,2,3,0
101,97,METRO,True,Tier 3 (Marginal Quality),0.565,0.5714,1.0,0.4,0.2,0.25,8,2,2,12,2,3,0
102,98,AXŞAM,True,Tier 2 (Viable Candidate),0.555,0.5714,0.5,0.6667,0.45,0.625,19,4,4,27,2,1,2
103,,A,False,Tier 2 (Viable Candidate),0.5475,0.5714,0.5,0.6667,0.4,0.625,16,4,4,24,2,1,2
104,99,BALACA,True,Tier 2 (Viable Candidate),0.5225,0.5,0.3333,1.0,0.3167,0.6667,13,3,3,19,1,0,2
105,100,YENİ,True,Tier 2 (Viable Candidate),0.5225,0.5,0.3333,1.0,0.3167,0.6667,13,3,3,19,1,0,2
106,101,GƏLMƏK,True,Tier 2 (Viable Candidate),0.52,0.5,0.4,0.6667,0.5667,0.6,24,5,5,34,2,1,3
107,102,HARDA,True,Tier 2 (Viable Candidate),0.5193,0.5,0.6,0.4286,0.6,0.4,26,5,5,36,3,4,2
108,103,SABAH,True,Tier 2 (Viable Candidate),0.5184,0.4706,0.6667,0.3636,0.7167,0.25,31,6,6,43,4,7,2
109,104,BİLƏR,True,Tier 2 (Viable Candidate),0.5162,0.4615,0.4286,0.5,0.8167,0.5,35,7,7,49,3,3,4
110,105,MƏTBƏX,True,Tier 3 (Marginal Quality),0.5075,0.5,1.0,0.3333,0.2167,0.0,9,2,2,13,2,4,0
111,106,SƏN,True,Tier 2 (Viable Candidate),0.5048,0.4348,0.7143,0.3125,0.8,0.0714,34,7,7,48,5,11,2
112,107,KOMANDA,True,Tier 3 (Marginal Quality),0.5,0.5,1.0,0.3333,0.1667,0.0,6,2,2,10,2,4,0
113,,2,False,Tier 2 (Viable Candidate),0.495,0.5,0.5,0.5,0.4667,0.5,20,4,4,28,2,2,2
114,108,HAMI,True,Tier 2 (Viable Candidate),0.4925,0.5,0.5,0.5,0.45,0.5,19,4,4,27,2,2,2
115,109,YAŞ,True,Tier 2 (Viable Candidate),0.4925,0.5,0.6667,0.4,0.3833,0.3333,17,3,3,23,2,3,1
116,,J,False,Tier 3 (Marginal Quality),0.4675,0.4,1.0,0.25,0.2667,0.0,12,2,2,16,2,6,0
117,110,AD,True,Tier 3 (Marginal Quality),0.465,0.5,0.5,0.5,0.2667,0.5,12,2,2,16,1,1,1
118,111,VERMƏK,True,Tier 3 (Marginal Quality),0.465,0.5,0.5,0.5,0.2667,0.5,12,2,2,16,1,1,1
119,112,KÖMƏK,True,Tier 3 (Marginal Quality),0.4625,0.5,0.5,0.5,0.25,0.5,11,2,2,15,1,1,1
120,113,SAAT,True,Tier 3 (Marginal Quality),0.4625,0.5,0.5,0.5,0.25,0.5,11,2,2,15,1,1,1
121,114,APARAT,True,Tier 3 (Marginal Quality),0.455,0.5,0.5,0.5,0.2,0.5,8,2,2,12,1,1,1
122,115,OYNAMAQ,True,Tier 3 (Marginal Quality),0.455,0.5,0.5,0.5,0.2,0.5,8,2,2,12,1,1,1
123,116,İDMAN,True,Tier 3 (Marginal Quality),0.455,0.5,0.5,0.5,0.2,0.5,8,2,2,12,1,1,1
124,117,İSTƏMƏK,True,Tier 3 (Marginal Quality),0.4542,0.3333,0.25,0.5,1.0,0.5,73,16,16,105,4,4,12
125,118,KƏND,True,Tier 3 (Marginal Quality),0.4525,0.5,0.5,0.5,0.1833,0.5,7,2,2,11,1,1,1
126,119,AYAQ,True,Tier 3 (Marginal Quality),0.45,0.5,0.5,0.5,0.1667,0.5,6,2,2,10,1,1,1
127,120,COVİD,True,Tier 3 (Marginal Quality),0.45,0.5,0.5,0.5,0.1667,0.5,6,2,2,10,1,1,1
128,121,UNUTMUŞAM,True,Tier 3 (Marginal Quality),0.45,0.5,0.5,0.5,0.1667,0.5,6,2,2,10,1,1,1
129,122,DÜNƏN,True,Tier 3 (Marginal Quality),0.4475,0.2857,0.1667,1.0,0.65,0.5833,27,6,6,39,1,0,5
130,123,İŞ,True,Tier 3 (Marginal Quality),0.4458,0.4,0.3333,0.5,0.65,0.5,27,6,6,39,2,2,4
131,124,ONUN,True,Tier 3 (Marginal Quality),0.4441,0.339,0.5556,0.2439,1.0,0.0,82,18,18,118,10,31,8
132,125,İNDİ,True,Tier 3 (Marginal Quality),0.4389,0.4444,0.6667,0.3333,0.3333,0.1667,14,3,3,20,2,4,1
133,126,GÖRMƏK,True,Tier 3 (Marginal Quality),0.4364,0.4444,0.6667,0.3333,0.3167,0.1667,13,3,3,19,2,4,1
134,127,EŞİTMƏ,True,Tier 3 (Marginal Quality),0.4339,0.4444,0.6667,0.3333,0.3,0.1667,12,3,3,18,2,4,1
135,128,ETMƏK,True,Tier 3 (Marginal Quality),0.4314,0.4444,0.6667,0.3333,0.2833,0.1667,11,3,3,17,2,4,1
136,129,OLAR,True,Tier 3 (Marginal Quality),0.4058,0.4,0.3333,0.5,0.3833,0.5,17,3,3,23,1,1,2
137,130,SONRA,True,Tier 3 (Marginal Quality),0.4033,0.4,0.3333,0.5,0.3667,0.5,16,3,3,22,1,1,2
138,131,AĞRIMAQ,True,Tier 3 (Marginal Quality),0.3958,0.4,0.3333,0.5,0.3167,0.5,13,3,3,19,1,1,2
139,132,NƏDİR,True,Tier 3 (Marginal Quality),0.3958,0.4,0.3333,0.5,0.3167,0.5,13,3,3,19,1,1,2
140,133,IKI,True,Tier 3 (Marginal Quality),0.3908,0.4,0.3333,0.5,0.2833,0.5,11,3,3,17,1,1,2
141,134,XAHİŞ,True,Tier 3 (Marginal Quality),0.3908,0.4,0.3333,0.5,0.2833,0.5,11,3,3,17,1,1,2
142,135,DOST,True,Tier 3 (Marginal Quality),0.38,0.4,0.5,0.3333,0.2667,0.25,12,2,2,16,1,2,1
143,136,PAROL,True,Tier 3 (Marginal Quality),0.3775,0.4,0.5,0.3333,0.25,0.25,11,2,2,15,1,2,1
144,137,XOŞU GƏLMƏK,True,Tier 3 (Marginal Quality),0.3775,0.4,0.5,0.3333,0.25,0.25,11,2,2,15,1,2,1
145,138,O,True,Tier 3 (Marginal Quality),0.377,0.1852,0.1111,0.5556,1.0,0.5111,213,45,45,303,5,4,40
146,139,QAPI,True,Tier 3 (Marginal Quality),0.3764,0.3636,0.6667,0.25,0.3,0.0,12,3,3,18,2,6,1
147,140,OLACAQ,True,Tier 3 (Marginal Quality),0.37,0.4,0.5,0.3333,0.2,0.25,8,2,2,12,1,2,1
148,141,SƏHƏR,True,Tier 3 (Marginal Quality),0.37,0.4,0.5,0.3333,0.2,0.25,8,2,2,12,1,2,1
149,142,YER,True,Tier 3 (Marginal Quality),0.3675,0.4,0.5,0.3333,0.1833,0.25,7,2,2,11,1,2,1
150,143,SU,True,Tier 3 (Marginal Quality),0.3667,0.3333,0.25,0.5,0.4167,0.5,17,4,4,25,1,1,3
151,144,DEYİL,True,Tier 3 (Marginal Quality),0.365,0.4,0.5,0.3333,0.1667,0.25,6,2,2,10,1,2,1
152,145,BİLMƏK,True,Tier 3 (Marginal Quality),0.3383,0.3333,0.3333,0.3333,0.3667,0.3333,16,3,3,22,1,2,2
153,146,GECİKMƏK,True,Tier 3 (Marginal Quality),0.3358,0.3333,0.3333,0.3333,0.35,0.3333,15,3,3,21,1,2,2
154,147,MƏNİM,True,Tier 3 (Marginal Quality),0.3244,0.2051,0.32,0.1509,1.0,0.0,118,25,25,168,8,45,17
155,148,AİLƏ,True,Tier 3 (Marginal Quality),0.3125,0.2857,0.25,0.3333,0.4167,0.375,17,4,4,25,1,2,3
156,149,ZƏNG,True,Tier 3 (Marginal Quality),0.3117,0.3333,0.5,0.25,0.2167,0.0,9,2,2,13,1,3,1
157,150,VAXT,True,Tier 3 (Marginal Quality),0.31,0.2857,0.25,0.3333,0.4,0.375,16,4,4,24,1,2,3
158,151,İŞLƏMƏK,True,Tier 3 (Marginal Quality),0.31,0.2857,0.25,0.3333,0.4,0.375,16,4,4,24,1,2,3
159,152,HƏKİM,True,Tier 3 (Marginal Quality),0.3067,0.3333,0.5,0.25,0.1833,0.0,7,2,2,11,1,3,1
160,153,SRAĞAGÜN,True,Tier 3 (Marginal Quality),0.2925,0.2857,0.5,0.2,0.25,0.0,11,2,2,15,1,4,1
161,154,BURA,True,Tier 3 (Marginal Quality),0.2875,0.2857,0.3333,0.25,0.3333,0.1667,14,3,3,20,1,3,2
162,155,DONDURMA,True,Tier 3 (Marginal Quality),0.2875,0.2857,0.3333,0.25,0.3333,0.1667,14,3,3,20,1,3,2
163,156,ORDA,True,Tier 3 (Marginal Quality),0.275,0.2,0.1667,0.25,0.6167,0.3333,25,6,6,37,1,3,5
164,157,UŞAQLAR,True,Tier 3 (Marginal Quality),0.275,0.25,0.5,0.1667,0.25,0.0,11,2,2,15,1,5,1
165,158,GÖRƏ,True,Tier 3 (Marginal Quality),0.2437,0.2,0.5,0.125,0.2,0.0,8,2,2,12,1,7,1
166,159,BAYRAQ,True,Tier 3 (Marginal Quality),0.2433,0.25,0.3333,0.2,0.2833,0.0,11,3,3,17,1,4,2
167,160,BAZAR,True,Tier 3 (Marginal Quality),0.2428,0.2222,0.25,0.2,0.4,0.125,16,4,4,24,1,4,3
168,161,MƏNƏ,True,Tier 3 (Marginal Quality),0.2119,0.0588,0.2857,0.0328,0.7667,0.0,32,7,7,46,2,59,5
169,162,ORA,True,Tier 3 (Marginal Quality),0.2108,0.1667,0.3333,0.1111,0.35,0.0,15,3,3,21,1,8,2
170,163,İSTƏYİRƏM,True,Tier 3 (Marginal Quality),0.1967,0.1333,0.2,0.1,0.5667,0.0,24,5,5,34,1,9,4
171,164,SİZİN,True,Tier 3 (Marginal Quality),0.1747,0.1111,0.3333,0.0667,0.2833,0.0,11,3,3,17,1,14,2
172,,OĞUL,True,Tier 4 (Zero Performance),0.0975,0.0,0.0,0.0,0.3167,0.5,13,3,3,19,0,0,3
173,,ABŞERON RAYON,True,Tier 4 (Zero Performance),0.09,0.0,0.0,0.0,0.2667,0.5,12,2,2,16,0,0,2
174,,BƏLİ,True,Tier 4 (Zero Performance),0.085,0.0,0.0,0.0,0.2333,0.5,10,2,2,14,0,0,2
175,,GÖZƏL,True,Tier 4 (Zero Performance),0.08,0.0,0.0,0.0,0.2,0.5,8,2,2,12,0,0,2
176,,YOXDUR,True,Tier 4 (Zero Performance),0.08,0.0,0.0,0.0,0.2,0.5,8,2,2,12,0,0,2
177,,AC,True,Tier 4 (Zero Performance),0.0775,0.0,0.0,0.0,0.1833,0.5,7,2,2,11,0,0,2
178,,AYAQYOLU,True,Tier 4 (Zero Performance),0.0775,0.0,0.0,0.0,0.1833,0.5,7,2,2,11,0,0,2
179,,UCUZDUR,True,Tier 4 (Zero Performance),0.075,0.0,0.0,0.0,0.1667,0.5,6,2,2,10,0,0,2
180,,OLMUSUZ,True,Tier 4 (Zero Performance),0.0725,0.0,0.0,0.0,0.15,0.5,7,1,1,9,0,0,1
181,,SOYUQ,True,Tier 4 (Zero Performance),0.0725,0.0,0.0,0.0,0.15,0.5,7,1,1,9,0,0,1
182,,KOMPÜTER,True,Tier 4 (Zero Performance),0.065,0.0,0.0,0.0,0.2667,0.25,12,2,2,16,0,1,2
183,,QARABAĞ,True,Tier 4 (Zero Performance),0.0642,0.0,0.0,0.0,0.3167,0.1667,13,3,3,19,0,2,3
184,,TƏHSİL,True,Tier 4 (Zero Performance),0.0625,0.0,0.0,0.0,0.25,0.25,11,2,2,15,0,1,2
185,,Ə,False,Tier 4 (Zero Performance),0.06,0.0,0.0,0.0,0.2333,0.25,10,2,2,14,0,1,2
186,,1,False,Tier 4 (Zero Performance),0.0575,0.0,0.0,0.0,0.2167,0.25,9,2,2,13,0,1,2
187,,EDİR,True,Tier 4 (Zero Performance),0.0525,0.0,0.0,0.0,0.35,0.0,15,3,3,21,0,4,3
188,,GEDƏ,True,Tier 4 (Zero Performance),0.0525,0.0,0.0,0.0,0.1833,0.25,7,2,2,11,0,1,2
189,,SÖNDURƏ,True,Tier 4 (Zero Performance),0.0525,0.0,0.0,0.0,0.1833,0.25,7,2,2,11,0,1,2
190,,OLUR,True,Tier 4 (Zero Performance),0.05,0.0,0.0,0.0,0.1667,0.25,6,2,2,10,0,1,2
191,,ÜÇÜN,True,Tier 4 (Zero Performance),0.05,0.0,0.0,0.0,0.3333,0.0,14,3,3,20,0,3,3
192,,DİL,True,Tier 4 (Zero Performance),0.04,0.0,0.0,0.0,0.2667,0.0,12,2,2,16,0,3,2
193,,S,False,Tier 4 (Zero Performance),0.04,0.0,0.0,0.0,0.2667,0.0,12,2,2,16,0,2,2
194,,3,False,Tier 4 (Zero Performance),0.03,0.0,0.0,0.0,0.2,0.0,8,2,2,12,0,2,2
195,,BAXMAQ,True,Tier 4 (Zero Performance),0.03,0.0,0.0,0.0,0.2,0.0,8,2,2,12,0,2,2
196,,QIZ,True,Tier 4 (Zero Performance),0.0275,0.0,0.0,0.0,0.1833,0.0,7,2,2,11,0,3,2
197,,UNİVERSİTET,True,Tier 4 (Zero Performance),0.0275,0.0,0.0,0.0,0.1833,0.0,7,2,2,11,0,4,2
198,,İŞSİZ,True,Tier 4 (Zero Performance),0.0275,0.0,0.0,0.0,0.1833,0.0,7,2,2,11,0,2,2
199,,XİRDA,True,Tier 4 (Zero Performance),0.025,0.0,0.0,0.0,0.1667,0.0,6,2,2,10,0,2,2
200,,İSTİ,True,Tier 4 (Zero Performance),0.025,0.0,0.0,0.0,0.1667,0.0,6,2,2,10,0,4,2
